cust_id,name,email,phone,city,region,registration_date
1,Shreya Iyer,shreya.iyer1@example.com,+91-7958682846,Delhi,North,2023-03-13
2,Anjali Pillai,anjali.pillai2@example.com,+91-7136505587,Amritsar,North,2023-01-16
3,Raj Sharma,raj.sharma3@example.com,+91-9410529190,Lucknow,North,2023-04-12
4,Raj Agarwal,raj.agarwal4@example.com,+91-9530876844,Jabalpur,Central,2023-05-23
5,Nisha Rao,nisha.rao5@example.com,+91-8193448329,Lucknow,North,2023-03-21
6,Rohan Singh,rohan.singh6@example.com,+91-8631775357,Hyderabad,South,2023-02-19
7,Aditya Verma,aditya.verma7@example.com,+91-8973214822,Bhubaneswar,East,2023-10-02
8,Anjali Joshi,anjali.joshi8@example.com,+91-9699987374,Jaipur,North,2023-11-13
9,Karan Singh,karan.singh9@example.com,+91-7196814233,Ranchi,East,2023-12-05
10,Anjali Iyer,anjali.iyer10@example.com,+91-7433797840,Hyderabad,South,2023-07-14
11,Simran Gupta,simran.gupta11@example.com,+91-8589915144,Guwahati,East,2023-07-01
12,Vikram Gupta,vikram.gupta12@example.com,+91-9294113287,Hyderabad,South,2023-05-06
13,Siddharth Nair,siddharth.nair13@example.com,+91-9748778024,Kochi,South,2023-12-19
14,Nikhil Verma,nikhil.verma14@example.com,+91-7983753977,Indore,Central,2023-01-17
15,Shreya Singh,shreya.singh15@example.com,+91-7906164396,Guwahati,East,2023-10-18
16,Ananya Desai,ananya.desai16@example.com,+91-9761027762,Patna,East,2023-08-23
17,Sanjay Iyer,sanjay.iyer17@example.com,+91-9411057787,Hyderabad,South,2023-10-03
18,Nisha Desai,nisha.desai18@example.com,+91-8554762903,Ranchi,East,2023-04-23
19,Ananya Singh,ananya.singh19@example.com,+91-7202363285,Mysore,South,2023-02-26
20,Nisha Singh,nisha.singh20@example.com,+91-8652563013,Chennai,South,2023-07-15
21,Aditya Sharma,aditya.sharma21@example.com,+91-9921794983,Jabalpur,Central,2023-02-28
22,Isha Kumar,isha.kumar22@example.com,+91-8260573448,Raipur,Central,2023-08-11
23,Rahul Nair,rahul.nair23@example.com,+91-9150000991,Kochi,South,2023-04-02
24,Riya Reddy,riya.reddy24@example.com,+91-7656439677,Bhopal,Central,2023-07-11
25,Rahul Rao,rahul.rao25@example.com,+91-9098545541,Mysore,South,2023-01-10
26,Riya Iyer,riya.iyer26@example.com,+91-7248786714,Chandigarh,North,2023-05-04
27,Anjali Chopra,anjali.chopra27@example.com,+91-7297265480,Bhopal,Central,2023-09-30
28,Gaurav Gupta,,+91-8138409539,Chennai,South,2023-09-28
29,Sneha Reddy,sneha.reddy29@example.com,+91-8338811290,Jabalpur,Central,2023-07-24
30,Manish Kumar,manish.kumar30@example.com,+91-8064746525,Guwahati,East,2023-04-26
31,Priya Iyer,priya.iyer31@example.com,+91-9527331058,Chandigarh,North,2023-04-23
32,Neha Iyer,neha.iyer32@example.com,+91-7289482182,Delhi,North,2023-01-17
33,Meera Nair,meera.nair33@example.com,+91-9873237671,Kolkata,East,2023-09-06
34,Sanjay Chopra,sanjay.chopra34@example.com,+91-8043665192,Mysore,South,2023-08-31
35,Rohan Kumar,rohan.kumar35@example.com,+91-9830309370,Pune,West,2023-08-09
36,Harsh Agarwal,harsh.agarwal36@example.com,+91-7232663462,Guwahati,East,2023-12-11
37,Tanvi Rao,tanvi.rao37@example.com,+91-7469306919,Delhi,North,2023-05-08
38,Manish Patel,manish.patel38@example.com,+91-8811967841,Chennai,South,2023-04-04
39,Meera Singh,meera.singh39@example.com,+91-8903232052,Guwahati,East,2023-10-09
40,Rahul Singh,rahul.singh40@example.com,+91-8015242176,Delhi,North,2023-03-27
41,Gaurav Reddy,gaurav.reddy41@example.com,+91-8722454917,Surat,West,2023-01-31
42,Rahul Desai,rahul.desai42@example.com,+91-8139038460,Kochi,South,2023-08-21
43,Ananya Patel,ananya.patel43@example.com,+91-7815605132,Guwahati,East,2023-06-01
44,Neha Rao,neha.rao44@example.com,+91-7245522987,Bangalore,South,2023-01-26
45,Arjun Verma,arjun.verma45@example.com,+91-9181106786,Jabalpur,Central,2023-02-11
46,Vikram Iyer,vikram.iyer46@example.com,+91-8734202799,Bangalore,South,2023-03-03
47,Amit Singh,amit.singh47@example.com,+91-8800557283,Indore,Central,2023-12-03
48,Nikhil Nair,nikhil.nair48@example.com,+91-7877286584,Gwalior,Central,2023-12-09
49,Aditya Desai,aditya.desai49@example.com,+91-7562117925,Patna,East,2023-12-10
50,Nikhil Singh,nikhil.singh50@example.com,+91-7040009587,Guwahati,East,2023-08-23
51,Rohan Singh,rohan.singh51@example.com,+91-9309122187,Gwalior,Central,2023-04-20
52,Sanjay Mehta,sanjay.mehta52@example.com,+91-7295456419,Raipur,Central,2023-05-06
53,Arjun Agarwal,arjun.agarwal53@example.com,+91-9333103372,Bhubaneswar,East,2023-12-27
54,Rahul Joshi,rahul.joshi54@example.com,+91-9849232839,Ranchi,East,2023-02-23
55,Pooja Kumar,pooja.kumar55@example.com,+91-9376077463,Hyderabad,South,2023-03-21
56,Sneha Rao,sneha.rao56@example.com,+91-7874443787,Bhubaneswar,East,2023-12-18
57,Ananya Nair,ananya.nair57@example.com,+91-7218179599,Ranchi,East,2023-02-17
58,Amit Sharma,amit.sharma58@example.com,+91-8432614422,Ahmedabad,West,2023-03-08
59,Manish Pillai,manish.pillai59@example.com,+91-9409076656,Patna,East,2023-01-05
60,Divya Verma,divya.verma60@example.com,+91-8585770584,Delhi,North,2023-10-26
61,Nisha Patel,nisha.patel61@example.com,+91-7179653598,Indore,Central,2023-06-07
62,Akash Reddy,akash.reddy62@example.com,+91-9929454134,Kolkata,East,2023-05-08
63,Harsh Patel,harsh.patel63@example.com,+91-8016779084,Chandigarh,North,2023-03-25
64,Priya Gupta,priya.gupta64@example.com,+91-8426725702,Kochi,South,2023-07-30
65,Arjun Kumar,arjun.kumar65@example.com,+91-8643004186,Hyderabad,South,2023-01-20
66,Karan Agarwal,karan.agarwal66@example.com,+91-8501771491,Pune,West,2023-06-06
67,Priya Reddy,priya.reddy67@example.com,+91-8711398352,Chennai,South,2023-06-18
68,Shreya Mehta,shreya.mehta68@example.com,+91-9755143093,Kolkata,East,2023-09-18
69,Isha Sharma,isha.sharma69@example.com,+91-7495389030,Nagpur,West,2023-05-14
70,Aditya Verma,aditya.verma70@example.com,+91-7465585404,Mysore,South,2023-11-02
71,Nikhil Pillai,nikhil.pillai71@example.com,+91-9603647189,Ahmedabad,West,2023-09-19
72,Karan Nair,karan.nair72@example.com,+91-7190638698,Jaipur,North,2023-12-29
73,Karan Mehta,karan.mehta73@example.com,+91-8852408227,Mumbai,West,2023-02-05
74,Nikhil Kumar,nikhil.kumar74@example.com,+91-8289874320,Ranchi,East,2023-09-17
75,Nikhil Desai,nikhil.desai75@example.com,+91-9994487334,Guwahati,East,2023-06-01
76,Karan Pillai,karan.pillai76@example.com,+91-9855850145,Indore,Central,2023-07-14
77,Riya Desai,riya.desai77@example.com,+91-9353372386,Mysore,South,2023-01-01
78,Sneha Pillai,sneha.pillai78@example.com,+91-9491015654,Bhubaneswar,East,2023-11-07
79,Manish Agarwal,manish.agarwal79@example.com,+91-9901796894,Guwahati,East,2023-04-20
80,Arjun Singh,arjun.singh80@example.com,+91-8218853328,Jabalpur,Central,2023-09-21
81,Anjali Iyer,anjali.iyer81@example.com,+91-9889635392,Raipur,Central,2023-06-08
82,Divya Sharma,divya.sharma82@example.com,+91-7198486416,Chennai,South,2023-05-06
83,Vikram Agarwal,vikram.agarwal83@example.com,+91-8780010572,Nagpur,West,2023-11-19
84,Siddharth Chopra,siddharth.chopra84@example.com,+91-8716495971,Indore,Central,2023-05-05
85,Rohan Pillai,rohan.pillai85@example.com,+91-7939915527,Bangalore,South,2023-04-01
86,Neha Iyer,neha.iyer86@example.com,+91-7521231222,Jabalpur,Central,2023-08-22
87,Nikhil Agarwal,nikhil.agarwal87@example.com,+91-9631321682,Kochi,South,2023-09-16
88,Manish Gupta,manish.gupta88@example.com,+91-9038711176,Nagpur,West,2023-08-19
89,Shreya Chopra,shreya.chopra89@example.com,+91-9691864041,Patna,East,2023-05-03
90,Vikram Joshi,vikram.joshi90@example.com,+91-8007142260,Guwahati,East,2023-05-20
91,Anjali Patel,anjali.patel91@example.com,+91-7647812758,Bhubaneswar,East,2023-04-29
92,Sneha Singh,sneha.singh92@example.com,+91-8781844052,Pune,West,2023-07-28
93,Kriti Pillai,kriti.pillai93@example.com,+91-7267429212,Ranchi,East,2023-04-16
94,Priya Desai,priya.desai94@example.com,+91-9048612358,Surat,West,2023-01-04
95,Siddharth Pillai,siddharth.pillai95@example.com,+91-9311639723,Bhubaneswar,East,2023-10-07
96,Ananya Iyer,ananya.iyer96@example.com,+91-8172248246,Indore,Central,2023-08-12
97,Siddharth Rao,siddharth.rao97@example.com,+91-9872790327,Mumbai,West,2023-12-14
98,Kriti Patel,kriti.patel98@example.com,+91-9672573305,Pune,West,2023-10-01
99,Priya Singh,priya.singh99@example.com,+91-9760588734,Jaipur,North,2023-08-08
100,Kavita Verma,kavita.verma100@example.com,+91-8117362852,Kochi,South,2023-07-14
101,Kriti Rao,kriti.rao101@example.com,+91-8449553823,Patna,East,2023-07-14
102,Aditya Singh,aditya.singh102@example.com,+91-9019952485,Guwahati,East,2023-01-10
103,Akash Iyer,akash.iyer103@example.com,+91-9792347639,Bhopal,Central,2023-02-05
104,Meera Reddy,meera.reddy104@example.com,+91-7087531510,Delhi,North,2023-11-15
105,Sanjay Chopra,sanjay.chopra105@example.com,+91-9875303857,Chennai,South,2023-02-28
106,Kriti Nair,kriti.nair106@example.com,+91-8584392711,Indore,Central,2023-03-27
107,Pooja Gupta,pooja.gupta107@example.com,+91-8335901990,Gwalior,Central,2023-02-25
108,Riya Desai,riya.desai108@example.com,+91-8703617827,Bhopal,Central,2023-04-12
109,Meera Kumar,meera.kumar109@example.com,+91-9994421136,Amritsar,North,2023-06-04
110,Amit Mehta,amit.mehta110@example.com,+91-9288123416,Bhopal,Central,2023-08-08
111,Isha Sharma,isha.sharma111@example.com,+91-8804138557,Kolkata,East,2023-09-08
112,Simran Agarwal,simran.agarwal112@example.com,+91-7657091982,Jaipur,North,2023-08-11
113,Shreya Chopra,shreya.chopra113@example.com,+91-8996617659,Mysore,South,2023-08-12
114,Nikhil Iyer,nikhil.iyer114@example.com,+91-7372214308,Raipur,Central,2023-05-23
115,Kriti Desai,kriti.desai115@example.com,+91-8444812497,Pune,West,2023-01-15
116,Kavita Chopra,kavita.chopra116@example.com,+91-7911047815,Ahmedabad,West,2023-07-01
117,Shreya Nair,shreya.nair117@example.com,+91-9387104291,Bhubaneswar,East,2023-01-06
118,Anjali Iyer,anjali.iyer118@example.com,+91-8745595491,Indore,Central,2023-09-08
119,Gaurav Chopra,gaurav.chopra119@example.com,+91-8924895021,Indore,Central,2023-01-09
120,Raj Desai,raj.desai120@example.com,+91-9971203213,Chandigarh,North,2023-05-05
121,Simran Chopra,simran.chopra121@example.com,+91-9377148230,Ranchi,East,2023-09-29
122,Isha Mehta,isha.mehta122@example.com,+91-8948821078,Guwahati,East,2023-05-19
123,Raj Kumar,raj.kumar123@example.com,+91-7827143233,Bhubaneswar,East,2023-06-11
124,Kavita Reddy,kavita.reddy124@example.com,+91-7929364954,Amritsar,North,2023-09-05
125,Varun Kumar,varun.kumar125@example.com,+91-7833728665,Ranchi,East,2023-06-01
126,Kavita Joshi,kavita.joshi126@example.com,+91-7060766757,Hyderabad,South,2023-12-29
127,Shreya Verma,shreya.verma127@example.com,+91-7234187462,Indore,Central,2023-10-11
128,Ananya Kumar,ananya.kumar128@example.com,+91-7052679490,Patna,East,2023-10-21
129,Gaurav Agarwal,gaurav.agarwal129@example.com,+91-8463320861,Guwahati,East,2023-04-05
130,Gaurav Kumar,gaurav.kumar130@example.com,+91-7280647907,Chandigarh,North,2023-07-25
131,Neha Patel,neha.patel131@example.com,+91-7640798731,Mumbai,West,2023-10-16
132,Meera Kumar,meera.kumar132@example.com,+91-9396905421,Kolkata,East,2023-08-02
133,Raj Desai,raj.desai133@example.com,+91-8934944879,Gwalior,Central,2023-08-15
134,Nisha Joshi,nisha.joshi134@example.com,+91-9442244963,Ranchi,East,2023-11-14
135,Rohan Reddy,rohan.reddy135@example.com,+91-9686566602,Amritsar,North,2023-04-19
136,Arjun Iyer,arjun.iyer136@example.com,+91-7746523513,Kolkata,East,2023-10-10
137,Rahul Pillai,rahul.pillai137@example.com,+91-8934898666,Lucknow,North,2023-12-19
138,Varun Verma,varun.verma138@example.com,+91-7994182853,Jabalpur,Central,2023-05-28
139,Vikram Iyer,vikram.iyer139@example.com,+91-8136253459,Guwahati,East,2023-11-17
140,Nisha Kumar,nisha.kumar140@example.com,+91-9338877621,Indore,Central,2023-04-26
141,Divya Singh,divya.singh141@example.com,+91-7256143439,Hyderabad,South,2023-03-26
142,Varun Agarwal,varun.agarwal142@example.com,+91-7534094883,Ranchi,East,2023-08-28
143,Shreya Chopra,shreya.chopra143@example.com,+91-8880160025,Guwahati,East,2023-02-11
144,Nisha Rao,nisha.rao144@example.com,+91-9592930364,Bhopal,Central,2023-05-09
145,Raj Sharma,raj.sharma145@example.com,+91-9887427412,Delhi,North,2023-05-18
146,Kavita Chopra,kavita.chopra146@example.com,+91-9228932714,Bhopal,Central,2023-11-30
147,Kavita Pillai,kavita.pillai147@example.com,+91-9726379588,Ahmedabad,West,2023-09-09
148,Akash Pillai,akash.pillai148@example.com,+91-8431548670,Jaipur,North,2023-06-14
149,Isha Pillai,isha.pillai149@example.com,+91-9979305739,Lucknow,North,2023-09-11
150,Amit Agarwal,amit.agarwal150@example.com,+91-7378213925,Guwahati,East,2023-06-11
151,Pooja Desai,pooja.desai151@example.com,+91-9210174072,Bhubaneswar,East,2023-01-01
152,Harsh Verma,harsh.verma152@example.com,+91-7805660882,Jabalpur,Central,2023-09-23
153,Ananya Agarwal,ananya.agarwal153@example.com,+91-7221670908,Ranchi,East,2023-04-15
154,Sanjay Joshi,sanjay.joshi154@example.com,+91-8881694278,Ranchi,East,2023-12-24
155,Priya Iyer,priya.iyer155@example.com,+91-7680229045,Mumbai,West,2023-06-09
156,Harsh Singh,harsh.singh156@example.com,+91-7965081954,Bhopal,Central,2023-02-28
157,Divya Chopra,divya.chopra157@example.com,+91-8253535854,Mumbai,West,2023-09-18
158,Gaurav Chopra,gaurav.chopra158@example.com,+91-8046816259,Guwahati,East,2023-08-22
159,Siddharth Reddy,siddharth.reddy159@example.com,+91-9574307168,Indore,Central,2023-09-18
160,Shreya Pillai,shreya.pillai160@example.com,+91-8459753033,Bangalore,South,2023-09-17
161,Varun Joshi,varun.joshi161@example.com,+91-9520878317,Kolkata,East,2023-10-24
162,Manish Chopra,manish.chopra162@example.com,+91-8482296058,Pune,West,2023-06-20
163,Siddharth Agarwal,siddharth.agarwal163@example.com,+91-8382023198,Gwalior,Central,2023-04-07
164,Siddharth Iyer,siddharth.iyer164@example.com,+91-8764265618,Mysore,South,2023-01-23
165,Siddharth Desai,siddharth.desai165@example.com,+91-9850521812,Guwahati,East,2023-11-30
166,Amit Patel,amit.patel166@example.com,+91-9157324056,Kochi,South,2023-10-30
167,Manish Kumar,manish.kumar167@example.com,+91-9258942692,Kolkata,East,2023-08-22
168,Harsh Patel,harsh.patel168@example.com,+91-7321384892,Lucknow,North,2023-08-29
169,Tanvi Singh,tanvi.singh169@example.com,+91-8411178445,Bhubaneswar,East,2023-12-12
170,Nikhil Chopra,nikhil.chopra170@example.com,+91-9323646093,Jabalpur,Central,2023-01-19
171,Meera Joshi,meera.joshi171@example.com,+91-7977046129,Bhopal,Central,2023-02-16
172,Rohan Agarwal,rohan.agarwal172@example.com,+91-7714531298,Mumbai,West,2023-12-22
173,Amit Rao,amit.rao173@example.com,+91-7241030242,Kolkata,East,2023-05-31
174,Nisha Patel,nisha.patel174@example.com,+91-8048819999,Bhubaneswar,East,2023-09-29
175,Kavita Gupta,kavita.gupta175@example.com,+91-7751917162,Nagpur,West,2023-02-10
176,Meera Chopra,meera.chopra176@example.com,+91-9504640817,Jabalpur,Central,2023-03-15
177,Aditya Agarwal,aditya.agarwal177@example.com,+91-8096619850,Kochi,South,2023-12-08
178,Varun Gupta,varun.gupta178@example.com,+91-7317234448,Jaipur,North,2023-08-15
179,Riya Pillai,riya.pillai179@example.com,+91-9964873967,Ranchi,East,2023-05-09
180,Karan Desai,karan.desai180@example.com,+91-9075362821,Ahmedabad,West,2023-02-24
181,Akash Joshi,akash.joshi181@example.com,+91-8268006448,Kochi,South,2023-01-12
182,Rahul Verma,rahul.verma182@example.com,+91-9604496061,Ahmedabad,West,2023-09-12
183,Akash Iyer,akash.iyer183@example.com,+91-9734252963,Patna,East,2023-04-08
184,Sanjay Kumar,sanjay.kumar184@example.com,+91-9694912057,Raipur,Central,2023-11-27
185,Manish Verma,manish.verma185@example.com,+91-9489250532,Chandigarh,North,2023-07-06
186,Varun Rao,varun.rao186@example.com,+91-8784572192,Bangalore,South,2023-03-31
187,Simran Nair,simran.nair187@example.com,+91-7706712922,Chennai,South,2023-05-12
188,Isha Kumar,isha.kumar188@example.com,+91-9011467975,Ahmedabad,West,2023-02-08
189,Tanvi Mehta,tanvi.mehta189@example.com,+91-7387847884,Chennai,South,2023-07-22
190,Pooja Agarwal,pooja.agarwal190@example.com,+91-8583063357,Chandigarh,North,2023-12-11
191,Siddharth Mehta,siddharth.mehta191@example.com,+91-7465342967,Ranchi,East,2023-12-12
192,Priya Rao,priya.rao192@example.com,+91-9620283102,Kochi,South,2023-04-24
193,Riya Pillai,riya.pillai193@example.com,+91-7501119337,Jaipur,North,2023-03-13
194,Riya Chopra,riya.chopra194@example.com,+91-7498733671,Delhi,North,2023-02-19
195,Sanjay Desai,sanjay.desai195@example.com,+91-8948385094,Mysore,South,2023-07-09
196,Divya Pillai,divya.pillai196@example.com,+91-9812868150,Jabalpur,Central,2023-02-20
197,Harsh Nair,harsh.nair197@example.com,+91-7140515379,Nagpur,West,2023-12-20
198,Manish Agarwal,manish.agarwal198@example.com,+91-8014096062,Patna,East,2023-07-05
199,Akash Verma,akash.verma199@example.com,+91-8709996749,Chandigarh,North,2023-05-22
200,Kriti Singh,kriti.singh200@example.com,+91-9846570058,Bangalore,South,2023-04-19
201,Neha Rao,neha.rao201@example.com,+91-8046120419,Bhopal,Central,2023-03-06
202,Vikram Reddy,vikram.reddy202@example.com,+91-9518496186,Indore,Central,2023-04-21
203,Divya Sharma,divya.sharma203@example.com,+91-8190886387,Hyderabad,South,2023-03-16
204,Aditya Gupta,aditya.gupta204@example.com,+91-7472130062,Mysore,South,2023-12-05
205,Rahul Mehta,rahul.mehta205@example.com,+91-8021908455,Lucknow,North,2023-10-29
206,Kavita Nair,kavita.nair206@example.com,+91-7225052083,Kolkata,East,2023-03-06
207,Pooja Singh,pooja.singh207@example.com,+91-9045460840,Nagpur,West,2023-08-18
208,Rohan Agarwal,rohan.agarwal208@example.com,+91-9163970710,Ranchi,East,2023-04-24
209,Riya Agarwal,riya.agarwal209@example.com,+91-9763127185,Bhopal,Central,2023-01-16
210,Tanvi Pillai,tanvi.pillai210@example.com,+91-9946766309,Jaipur,North,2023-02-25
211,Vikram Singh,vikram.singh211@example.com,+91-8383459732,Surat,West,2023-11-08
212,Sanjay Nair,sanjay.nair212@example.com,+91-9681423225,Bangalore,South,2023-11-21
213,Nikhil Desai,nikhil.desai213@example.com,+91-9565778475,Gwalior,Central,2023-09-29
214,Nisha Kumar,nisha.kumar214@example.com,+91-7491404673,Guwahati,East,2023-12-02
215,Nisha Agarwal,nisha.agarwal215@example.com,+91-7981372436,Indore,Central,2023-07-31
216,Tanvi Pillai,tanvi.pillai216@example.com,+91-7408390575,Guwahati,East,2023-06-10
217,Aditya Mehta,aditya.mehta217@example.com,+91-7655579180,Ahmedabad,West,2023-12-18
218,Anjali Singh,anjali.singh218@example.com,+91-7400420225,Mumbai,West,2023-08-10
219,Sanjay Verma,sanjay.verma219@example.com,+91-9518848328,Chandigarh,North,2023-10-15
220,Pooja Pillai,pooja.pillai220@example.com,+91-8518692176,Raipur,Central,2023-12-07
221,Varun Joshi,varun.joshi221@example.com,+91-8510308881,Mumbai,West,2023-02-23
222,Sneha Patel,sneha.patel222@example.com,+91-9820660931,Gwalior,Central,2023-09-04
223,Akash Mehta,akash.mehta223@example.com,+91-7493428666,Bangalore,South,2023-05-23
224,Nisha Sharma,nisha.sharma224@example.com,+91-9615613239,Indore,Central,2023-12-03
225,Kavita Nair,kavita.nair225@example.com,+91-8327079104,Kolkata,East,2023-06-23
226,Kavita Patel,kavita.patel226@example.com,+91-9432330583,Kolkata,East,2023-12-03
227,Divya Sharma,divya.sharma227@example.com,+91-7394096254,Mumbai,West,2023-09-29
228,Harsh Agarwal,harsh.agarwal228@example.com,+91-8464137110,Kochi,South,2023-03-22
229,Nikhil Singh,nikhil.singh229@example.com,+91-7225953184,Bhubaneswar,East,2023-03-21
230,Neha Singh,neha.singh230@example.com,+91-8168672809,Mysore,South,2023-08-15
231,Manish Pillai,manish.pillai231@example.com,+91-8173242669,Surat,West,2023-04-21
232,Akash Pillai,akash.pillai232@example.com,+91-7476267947,Bhopal,Central,2023-05-26
233,Riya Verma,riya.verma233@example.com,+91-7947119487,Jabalpur,Central,2023-07-22
234,Rahul Reddy,rahul.reddy234@example.com,+91-8294586283,Bhopal,Central,2023-04-19
235,Varun Rao,varun.rao235@example.com,+91-7515328854,Hyderabad,South,2023-01-04
236,Kavita Patel,kavita.patel236@example.com,+91-8632978535,Surat,West,2023-09-30
237,Akash Singh,akash.singh237@example.com,+91-8705407682,Mysore,South,2023-01-22
238,Kriti Singh,kriti.singh238@example.com,+91-8344585158,Mumbai,West,2023-10-22
239,Tanvi Pillai,tanvi.pillai239@example.com,+91-8243458354,Nagpur,West,2023-02-28
240,Nikhil Gupta,nikhil.gupta240@example.com,+91-9654827789,Mumbai,West,2023-08-24
241,Nisha Kumar,nisha.kumar241@example.com,+91-8045036297,Kolkata,East,2023-08-12
242,Anjali Desai,anjali.desai242@example.com,+91-8332619083,Jabalpur,Central,2023-06-23
243,Arjun Singh,arjun.singh243@example.com,+91-9192509020,Hyderabad,South,2023-11-21
244,Karan Mehta,karan.mehta244@example.com,+91-8507961865,Amritsar,North,2023-11-27
245,Rohan Patel,rohan.patel245@example.com,+91-8099375147,Chennai,South,2023-04-12
246,Divya Singh,divya.singh246@example.com,+91-7760836806,Mysore,South,2023-11-18
247,Manish Rao,manish.rao247@example.com,+91-9693878240,Surat,West,2023-06-11
248,Vikram Chopra,vikram.chopra248@example.com,+91-8899269162,Kochi,South,2023-11-20
249,Neha Mehta,neha.mehta249@example.com,+91-9178995337,Bhubaneswar,East,2023-02-07
250,Manish Verma,manish.verma250@example.com,+91-7244340918,Guwahati,East,2023-07-08
